ID,Age,Cholesterol,Tomography
650,,2.3587987818452607,
191,,0.3409794965226175,1.443340036584596
405,,,0.6477983667324538
545,69.0,,
733,86.0,2.7491821831474628,6.40581291419571
832,84.0,,3.495228170200433
524,,,0.09471444109495519
340,61.0,1.2339730272513343,
493,61.0,1.1807225706354945,
624,,,
