ID,Age,Cholesterol,Tomography
861,87.0,2.851269114789651,
77,,1.1597363435411454,3.430952517042943
449,58.0,,
233,,1.2193567672922434,
240,70.0,,5.814712751254449
334,,2.900098671869803,5.473018592945959
203,70.0,,
184,69.0,0.8667012698787087,2.1564868211860952
471,,,
60,,0.8044068745274316,
