ID,Age,Cholesterol,Tomography
668,71.0,2.6008562432908993,
322,54.0,,6.538807119682959
864,45.0,0.9019989041641648,9.659242761264435
859,71.0,2.660840966575662,4.039076250286585
384,48.0,1.2867920071489745,5.815842766890683
890,,0.868510908597768,3.9664751746128193
923,75.0,1.7440370172098856,5.7388937246580065
868,44.0,1.0975041183694778,8.150727860698915
907,61.0,2.7121611763235824,4.356730044619802
16,52.0,2.1756403746453397,8.159150858960434
