ID,Age,Cholesterol,Tomography
661,,,7.224277804783998
2,43.0,,4.38073304768781
734,,,
957,,2.028808715822789,
467,,1.7571314681170132,
301,46.0,1.5019810877830722,
772,85.0,,3.6999984836693987
481,,,2.417339479017162
265,54.0,,6.250266713514476
527,,,3.038181324061502
