ID,Age,Cholesterol,Tomography
163,,,
629,74.0,,
250,53.0,,
463,,,
339,42.0,,4.70909339974585
401,,0.12729905235904793,5.568201888883436
764,,,
661,59.0,,2.5955685898297864
368,,,4.4229822226908855
42,,0.29148048931693604,2.5086990556511513
80,,,5.933074457993222
946,64.0,,
210,46.0,,
824,63.0,,6.67655151370528
998,,,
51,,,
76,,0.7789236654921727,
428,42.0,2.140139434235353,
420,,0.1416875311733985,
131,,,3.439978564818035
